{"cameraMode":{"drawMode":0,"name":"Shaded","section":"Shading Mode"},"sceneLighting":false,"audioPlay":false,"sceneViewState":{"m_AlwaysRefresh":false,"showFog":true,"showSkybox":false,"showFlares":true,"showImageEffects":true,"showParticleSystems":true,"showVisualEffectGraphs":true,"m_FxEnabled":true},"in2DMode":false,"pivot":{"x":-3.303328514099121,"y":1.671887755393982,"z":-12.011870384216309},"rotation":{"x":-0.12117529660463333,"y":0.07348079979419708,"z":-0.008995233103632927,"w":-0.9898669123649597},"size":7.8225202560424809,"orthographic":false}